mds_0.csv.gz_4096.csv_reuse.csv_0.json,107198,1763.6324746075159,59100098.74304668,7.686931193328691,69.982585617222,44,-1720,-39.09090909090909,0.1793805954250665
mds_0.csv.gz_4096.csv_reuse.csv_1.json,114710,4506.832614810687,320894836.7719679,4.969821303256435,24.09301882666291,48,-4459,-92.89583333333333,0.010136808936510349
mds_1.csv.gz_4096.csv_reuse.csv_0.json,695249,13597.401518670717,3185843658.7274685,10.19792769294844,111.12870722902937,6716,-6882,-1.0247170935080405,0.931648460350123
mds_1.csv.gz_4096.csv_reuse.csv_1.json,1494912,426063.0385550538,243572331337.61145,0.7516914224683868,-0.7906725386097877,665919,239855,0.3601864491026686,0.8945234504277314
prn_0.csv.gz_4096.csv_reuse.csv_0.json,139866,9658.271077116056,768157388.8763196,3.3223698483162827,10.294638900410934,113,-9546,-84.47787610619469,0.15053690676823694
prn_0.csv.gz_4096.csv_reuse.csv_1.json,164954,4833.413586853869,370150407.22274345,5.266884503596545,29.631503214717647,36,-4798,-133.27777777777777,0.027551582685360926
prn_0.csv.gz_4096.csv_reuse.csv_2.json,193049,8770.288238660198,740910607.2617126,3.426045435166355,11.062702111362558,47,-8724,-185.61702127659575,0.029543030416302803
prn_0.csv.gz_4096.csv_reuse.csv_3.json,289965,15700.740089157202,1669604088.4585485,2.8802101681312062,7.722190634613149,129,-15572,-120.71317829457364,0.10895496256099749
prn_0.csv.gz_4096.csv_reuse.csv_4.json,398533,20243.80017178493,3225846305.3081565,3.179924616218845,9.737880342593819,111,-20133,-181.3783783783784,0.11210325452399136
prn_0.csv.gz_4096.csv_reuse.csv_5.json,475501,27628.44181378817,4853504549.903571,3.2521188734392443,11.340975955010027,725,-26904,-37.10896551724138,0.08433049045092268
prn_1.csv.gz_4096.csv_reuse.csv_0.json,391830,58450.45728828866,5562269317.928981,1.2233631042811772,0.4779442287212152,84657,26206,0.30955502793626044,0.42748456925302153
prn_1.csv.gz_4096.csv_reuse.csv_1.json,621043,169668.51469848384,38880694586.16446,0.9174338405007842,-0.5555136918293946,210305,40636,0.19322412686336513,0.23772750871150858
prn_1.csv.gz_4096.csv_reuse.csv_10.json,2057941,190094.6904307129,61732879041.83323,2.898199835592536,14.739454955617983,246071,55976,0.22747906092144138,0.0833528287596529
prn_1.csv.gz_4096.csv_reuse.csv_11.json,2167295,192249.4458059134,62009367412.30935,2.3616297573772695,11.240626171303239,252400,60150,0.2383122028526149,0.1062249697420301
prn_1.csv.gz_4096.csv_reuse.csv_2.json,692711,153746.1699040676,38836627390.81885,1.2282349389235754,0.20872357332497282,228738,74991,0.3278467067124833,0.07509737020332907
prn_1.csv.gz_4096.csv_reuse.csv_3.json,707404,110485.72556213866,15505412779.766685,0.8417053690689924,-0.2182242470157698,188907,78421,0.415130196339998,0.01592106977966453
prn_1.csv.gz_4096.csv_reuse.csv_4.json,727815,155734.91984280632,24657302722.283215,1.023100230932699,0.2688399844938232,196810,41075,0.20870382602510035,0.02169064156441816
prn_1.csv.gz_4096.csv_reuse.csv_5.json,860654,132190.8169399372,20872260993.465523,1.1231870386439968,0.3125543008227334,143226,11035,0.07704606705486435,0.1838454126509692
prn_1.csv.gz_4096.csv_reuse.csv_6.json,1470474,463718.7061881132,171994831929.517,0.34863436506042467,-1.4744574820959293,855210,391491,0.45777177535342195,0.859428896174303
prn_1.csv.gz_4096.csv_reuse.csv_7.json,1909994,497000.3968852948,410161551194.4802,0.7578631343057326,-1.2862747428968713,1042827,545826,0.5234099232183287,0.21981760826905183
prn_1.csv.gz_4096.csv_reuse.csv_8.json,1970053,557505.5810798355,482743705489.7023,0.9170209813265853,-0.8952743567097152,894527,337021,0.3767588904527197,0.07278256884556097
prn_1.csv.gz_4096.csv_reuse.csv_9.json,1989786,208714.5726200081,109264307857.70677,2.8094198052643846,9.610186210484718,199569,-9146,-0.04582876097991171,0.01361154641994537
proj_0.csv.gz_4096.csv_reuse.csv_0.json,102893,9796.584892463245,452210360.4657044,2.4747286469279275,5.142237066594163,1587,-8210,-5.173282923755513,0.12347068605346163
proj_0.csv.gz_4096.csv_reuse.csv_1.json,242281,23816.810075531783,1928195205.9404593,2.3733163609587375,5.0285657967789525,16738,-7079,-0.42292986019835105,0.1644883152543777
proj_0.csv.gz_4096.csv_reuse.csv_2.json,265690,25666.27028005309,1288936179.7153819,2.1826195556147123,5.4377306754843,27233,1566,0.05750376381595858,0.028857682224628804
proj_0.csv.gz_4096.csv_reuse.csv_3.json,271838,11717.384673033046,438596827.97518325,4.577057909944148,32.950158560602844,10547,-1171,-0.11102683227458045,0.006626788368856107
proj_0.csv.gz_4096.csv_reuse.csv_4.json,282785,14561.209323492203,880645891.0111438,3.204363260780472,11.811880369486232,8443,-6119,-0.7247423901456829,0.013006211356556484
proj_1.csv.gz_4096.csv_reuse.csv_0.json,823615,49401.88274576366,11120419461.93997,3.1205530521100937,10.75256980026666,15220,-34182,-2.245860709592641,0.8905400054822892
proj_1.csv.gz_4096.csv_reuse.csv_1.json,1824377,316359.66691831494,188254905977.0481,1.3573591389921515,0.6156561155147062,191807,-124553,-0.6493662900728336,0.9865521477375405
proj_1.csv.gz_4096.csv_reuse.csv_10.json,8328686,1294774.5541236217,2627666766406.827,1.2785533616608755,0.34921782590813377,608362,-686413,-1.1282969679237034,0.007637648745315938
proj_1.csv.gz_4096.csv_reuse.csv_11.json,8338559,297532.74117861094,137379489396.15843,8.334647989125223,157.76571581754024,599858,302325,0.5039942786459463,0.012282370666068352
proj_1.csv.gz_4096.csv_reuse.csv_12.json,8347379,424615.42719919264,154082005543.9194,6.990594932081975,107.11432073813025,620999,196383,0.31623722421453176,0.010089452775614753
proj_1.csv.gz_4096.csv_reuse.csv_13.json,8854150,1103925.3274227036,4560130701524.954,2.172805145010619,3.0557941416608756,388480,-715446,-1.8416546540362437,0.6381482432798742
proj_1.csv.gz_4096.csv_reuse.csv_14.json,9057549,669232.2075238316,327746383088.65216,2.5950675273923687,20.045440917564374,879335,210102,0.23893282992261197,0.07908514714377521
proj_1.csv.gz_4096.csv_reuse.csv_15.json,9061433,451859.0980415194,223228637236.4541,1.4059235335322757,6.109959777000832,615524,163664,0.26589377505994893,0.006263014104726043
proj_1.csv.gz_4096.csv_reuse.csv_16.json,9496487,824638.1813708398,3233912220708.1333,3.2358659854527905,9.97764315880077,761477,-63162,-0.08294669438472863,0.8194720956274638
proj_1.csv.gz_4096.csv_reuse.csv_17.json,9904100,1022660.1268041237,1987305261534.6848,2.1484836154323803,7.901413757668491,1633858,611197,0.3740820805724855,0.999015217428824
proj_1.csv.gz_4096.csv_reuse.csv_18.json,11454631,2596484.8986523068,2186847605181.079,1.001957925972837,6.882014371903491,3015422,418937,0.13893146630886158,0.7205948492825808
proj_1.csv.gz_4096.csv_reuse.csv_19.json,12092646,2512025.985312726,2666854954967.521,-0.6971010488529451,-1.2332674721357413,3576110,1064084,0.2975534868893854,0.5916167591719298
proj_1.csv.gz_4096.csv_reuse.csv_2.json,2764900,294951.43874405726,378014322663.6632,2.1475668976427182,3.123833807375796,127303,-167649,-1.3169289019111883,0.9805673154042173
proj_1.csv.gz_4096.csv_reuse.csv_20.json,12470039,3458768.827812291,3765834600861.7334,-0.951061287050551,-0.8615831117239741,4569919,1111150,0.24314435332442436,0.8967176283186918
proj_1.csv.gz_4096.csv_reuse.csv_21.json,13730621,4388865.254085758,4922163932005.204,-1.1665425916387218,-0.38660148120293236,5722198,1333332,0.2330104620637035,0.9286854980106377
proj_1.csv.gz_4096.csv_reuse.csv_22.json,14420212,4397138.787779545,8032350284993.138,-0.49627615756422233,-1.4595570617281073,6596244,2199105,0.333387455042597,0.9891501326410752
proj_1.csv.gz_4096.csv_reuse.csv_23.json,15450127,1775012.6205148902,6488233896378.842,1.6361022987075624,3.080359668814581,3204818,1429805,0.4461423394401804,0.5396730318815743
proj_1.csv.gz_4096.csv_reuse.csv_3.json,3709169,1723506.4533382973,1987969403690.5122,-0.23720164755428144,-1.804206131418495,2962563,1239056,0.4182378568827059,0.9345536502908659
proj_1.csv.gz_4096.csv_reuse.csv_4.json,4629308,1360242.8781580585,2032829065020.2856,0.40473647543380675,-1.463345752667527,2255058,894815,0.3968035411949493,0.9347404542178093
proj_1.csv.gz_4096.csv_reuse.csv_5.json,5533642,585789.6122711607,570428024765.1305,2.072550718038136,8.75480803074441,1193028,607238,0.5089888921299416,0.9092741137210669
proj_1.csv.gz_4096.csv_reuse.csv_6.json,6461807,738774.9345004853,1108544668860.871,2.4941961100435517,7.971666178914051,868396,129621,0.14926485151935293,0.9435181509641224
proj_1.csv.gz_4096.csv_reuse.csv_7.json,7334077,3603483.0956712547,7860927113071.038,0.20565270280283243,-1.5790404887696425,7068688,3465204,0.49021883551799145,0.8982120612514455
proj_1.csv.gz_4096.csv_reuse.csv_8.json,8222059,3668536.0213652696,14469493145964.334,0.2326128708108656,-1.8365801852279309,8164160,4495623,0.5506534658801395,0.8728412195466142
proj_1.csv.gz_4096.csv_reuse.csv_9.json,8319166,1948283.411317016,9734799970212.654,1.2799627472443051,-0.17110677901833515,1334117,-614167,-0.4603546765388643,0.09824373673208533
proj_2.csv.gz_4096.csv_reuse.csv_0.json,566368,9543.135397533455,635085947.2855997,10.899056470051377,165.5333240237607,8449,-1095,-0.12960113622913955,0.9960934857260008
proj_2.csv.gz_4096.csv_reuse.csv_1.json,1665311,132090.16909620992,96979761368.1845,3.1894205786026526,10.017083553184712,25892,-106199,-4.101614398269736,0.9992968069294245
proj_2.csv.gz_4096.csv_reuse.csv_10.json,8113035,3469477.6636613123,7184317375939.618,-0.038315217895882006,-1.7263708618841624,6339403,2869925,0.4527121875671889,0.6137850443339654
proj_2.csv.gz_4096.csv_reuse.csv_11.json,8916353,5044377.522036623,5299974374728.398,-0.9984352561045476,-0.6703015591215458,6591609,1547231,0.234727363228007,0.492436566487178
proj_2.csv.gz_4096.csv_reuse.csv_12.json,9372076,5291183.925670794,7303969305881.531,-0.7752691417014221,-0.9805798928273837,7446272,2155088,0.28941838278268645,0.562953782946833
proj_2.csv.gz_4096.csv_reuse.csv_13.json,10051760,4574351.6933905035,7659906580118.2705,0.007814670745000847,-1.3958468018528674,7833225,3258873,0.4160320940608753,0.5192378855393219
proj_2.csv.gz_4096.csv_reuse.csv_14.json,10417423,3376087.419055975,5387500541652.336,0.6246726171034176,-0.772512527831192,4416417,1040329,0.2355595044580256,0.37144828194175794
proj_2.csv.gz_4096.csv_reuse.csv_15.json,10718438,5014746.7155170115,6954709328895.561,-0.6403692377741039,-0.13256915062188757,6256537,1241790,0.1984788070461343,0.38549063142907225
proj_2.csv.gz_4096.csv_reuse.csv_16.json,11397950,5634167.797688514,14259769775226.25,-0.23405717137742008,-1.4125724024923334,8959977,3325809,0.3711849929971918,0.7004835226113706
proj_2.csv.gz_4096.csv_reuse.csv_17.json,12061344,4102307.5327552627,14827115742177.473,0.6341154708244263,-1.361309402494946,6245947,2143639,0.34320480144964405,0.8089619281040726
proj_2.csv.gz_4096.csv_reuse.csv_18.json,12744943,8263203.035970785,14384380890470.291,-1.2545847024127053,0.060980347607484386,10824250,2561046,0.23660262835762294,0.6633065074127491
proj_2.csv.gz_4096.csv_reuse.csv_19.json,13430466,6414101.234027592,20877669140696.953,-0.40730784047901636,-1.5452079407012949,9381428,2967326,0.3162979026220742,0.5349562143982517
proj_2.csv.gz_4096.csv_reuse.csv_2.json,2832541,75954.96694214876,146507453629.0831,6.220937663406029,38.03046524449918,12149,-63806,-5.2519548934068645,0.9986356414330377
proj_2.csv.gz_4096.csv_reuse.csv_20.json,13898905,6709784.556961916,21254833971850.184,-0.19852179841881498,-1.4876156164257865,11730577,5020792,0.4280089547172317,0.5248531852321103
proj_2.csv.gz_4096.csv_reuse.csv_21.json,12424830,6052593.61031055,1761230467348.6895,-2.53974251598661,6.598798088641269,6548722,496128,0.07575951460452894,0.06933941811226293
proj_2.csv.gz_4096.csv_reuse.csv_22.json,14090351,5502339.777364821,2658072249313.6235,-0.38301432242931455,1.6504793864734477,6532032,1029692,0.15763731714725218,0.3388922545151499
proj_2.csv.gz_4096.csv_reuse.csv_23.json,13609521,1344506.9825407239,8442429275946.751,2.520214244500379,5.489228963015847,290744,-1053763,-3.6243671408524336,0.2796661162073868
proj_2.csv.gz_4096.csv_reuse.csv_24.json,15003796,4580251.510723103,25480993845400.363,0.6703625450326698,-1.2428947477462648,8130542,3550290,0.43666092617195756,0.44321300108964284
proj_2.csv.gz_4096.csv_reuse.csv_25.json,15568879,4658884.429323032,27498833374256.902,0.7502556947613631,-1.1583801795650788,5867859,1208974,0.20603323972167703,0.5703916461397633
proj_2.csv.gz_4096.csv_reuse.csv_26.json,15819335,1265593.7309425839,4890767916629.518,2.7358543389493453,9.694986931019447,477501,-788093,-1.6504530880563602,0.216279243789907
proj_2.csv.gz_4096.csv_reuse.csv_27.json,16078011,3648746.343241271,3665202437204.3545,0.9911855724379499,6.569024832540126,4494702,845955,0.1882115877760083,0.2652352675262852
proj_2.csv.gz_4096.csv_reuse.csv_28.json,12616981,4466754.824425392,99938640552.38176,-10.541814278905727,145.90951356563212,4494682,27927,0.0062133427904354525,1.5375957537755664e-05
proj_2.csv.gz_4096.csv_reuse.csv_29.json,16168591,4223778.979007919,3985731920468.7944,2.5044858404571024,15.029826970170042,4494737,270958,0.060283393666859704,0.10419568878651918
proj_2.csv.gz_4096.csv_reuse.csv_3.json,3838268,1196702.3578066914,3011598193666.6855,0.8137182994355662,-1.3286278189339507,3662291,2465588,0.6732365068750681,0.9977940648864743
proj_2.csv.gz_4096.csv_reuse.csv_4.json,4830373,3228773.7042268477,3305152591948.7275,-1.06080519960666,-0.7520609378284666,4378617,1149843,0.26260415103673146,0.99034800881554
proj_2.csv.gz_4096.csv_reuse.csv_5.json,5815260,374576.19951060356,942662199189.1007,3.2024572620377962,10.551169816001742,25533,-349044,-13.670309011866996,0.993716365127364
proj_2.csv.gz_4096.csv_reuse.csv_6.json,6662363,265099.0293108001,953720331872.5741,4.750295082750595,22.54564410083275,18605,-246495,-13.248857833915615,0.992236174465686
proj_2.csv.gz_4096.csv_reuse.csv_7.json,7306194,671795.4577728681,1628439182935.7605,2.5348326105144636,6.556458390938792,141896,-529900,-3.7344252128319333,0.5221106042745118
proj_2.csv.gz_4096.csv_reuse.csv_8.json,7378053,1383688.5014549585,6529537159524.769,1.6177192197779091,0.7018147404512431,227680,-1156009,-5.077341004919185,0.257072420685767
proj_2.csv.gz_4096.csv_reuse.csv_9.json,7921362,2810283.415161404,6505066453822.84,0.061445709579354656,-1.8185083829404833,5100142,2289858,0.44897926371461816,0.37332274101788737
proj_3.csv.gz_4096.csv_reuse.csv_0.json,220932,109231.21686502249,1098059463.9277184,-2.452952706024394,5.373704849657845,119778,10546,0.08804621883818398,0.29599513508817654
proj_3.csv.gz_4096.csv_reuse.csv_1.json,434772,92860.88218385189,3151154541.6145124,0.496589636430589,0.20146363590473193,104893,12032,0.11470736846119378,0.31605396317096446
proj_3.csv.gz_4096.csv_reuse.csv_2.json,495272,104586.29186122387,1491646541.8514242,3.5609103908015736,26.878585492184126,112442,7855,0.0698582380249373,0.05372259808022838
proj_4.csv.gz_4096.csv_reuse.csv_0.json,393925,66977.11505133825,2884633412.174281,1.3128610030471601,1.1148134148677507,76450,9472,0.12389797253106606,0.45950200451896417
proj_4.csv.gz_4096.csv_reuse.csv_1.json,1014940,418934.28102495446,31410036742.886856,0.7074386971007396,0.3227533999326919,439299,20364,0.04635567119433461,0.6522703626755646
proj_4.csv.gz_4096.csv_reuse.csv_2.json,1553154,766466.7146554148,51478581843.06332,1.0214919441459696,3.164972180886176,736315,-30152,-0.0409498652071464,0.5879265489686173
proj_4.csv.gz_4096.csv_reuse.csv_3.json,2164288,970167.0973902942,74419161326.39146,0.17473675250791046,4.769828899530077,978634,8466,0.008650833713114403,0.6514399732369923
proj_4.csv.gz_4096.csv_reuse.csv_4.json,2558507,849683.1907244709,164392085090.77686,1.4118010012153608,3.687507480924399,1040812,191128,0.1836335476531785,0.4204579164239733
proj_4.csv.gz_4096.csv_reuse.csv_5.json,2994501,557239.9409231868,105225811490.15591,5.067612576940902,29.10711338899025,598471,41231,0.06889389794994244,0.4724834409123684
proj_4.csv.gz_4096.csv_reuse.csv_6.json,3001038,481566.4675760181,352178856509.417,2.958600492502189,8.26601845215765,304100,-177467,-0.5835810588622163,0.006587907697837521
prxy_0.csv.gz_4096.csv_reuse.csv_0.json,29132,218.20785594047197,1629914.2768204366,15.409992074554633,260.28150919196275,145,-74,-0.5103448275862069,0.031493315666283835
prxy_0.csv.gz_4096.csv_reuse.csv_1.json,47374,453.9363338130714,8048428.651850205,9.87446483334611,106.74848236399315,170,-284,-1.6705882352941177,0.018731087707347265
prxy_0.csv.gz_4096.csv_reuse.csv_10.json,133507,924.1936843669921,39343427.09396184,9.77002019573299,108.23402116222644,177,-748,-4.2259887005649714,0.007980294850347404
prxy_0.csv.gz_4096.csv_reuse.csv_11.json,141175,2928.478670068466,127595889.1315602,6.011887338837985,40.884298880890306,403,-2526,-6.267990074441688,0.009744578643547176
prxy_0.csv.gz_4096.csv_reuse.csv_12.json,147635,935.7429095326407,38127687.62287278,9.95576616556013,119.50510305438307,179,-757,-4.229050279329609,0.006678110108338863
prxy_0.csv.gz_4096.csv_reuse.csv_2.json,64322,1417.232079829601,31239952.035087895,5.794641643844309,38.31815323742302,349,-1069,-3.0630372492836675,0.017635550644964994
prxy_0.csv.gz_4096.csv_reuse.csv_3.json,73325,1082.1004824406486,25134718.00523594,7.033909880291968,62.04308412260369,197,-886,-4.49746192893401,0.009232625612929622
prxy_0.csv.gz_4096.csv_reuse.csv_4.json,83622,914.5744739567539,30112936.367180813,8.49295758818528,82.01148549119233,180,-735,-4.083333333333333,0.010370738049300205
prxy_0.csv.gz_4096.csv_reuse.csv_5.json,96568,3825.976221609917,74928797.60123281,3.640199846693969,17.892910081331088,1327,-2499,-1.8831951770911832,0.014478742427294761
prxy_0.csv.gz_4096.csv_reuse.csv_6.json,101981,2706.040854637675,84520362.10652217,6.305224093672585,50.15128498751594,408,-2299,-5.634803921568627,0.005411231810690999
prxy_0.csv.gz_4096.csv_reuse.csv_7.json,106736,1245.5542150295637,61441436.36243203,8.533724309129438,79.86389383794909,183,-1063,-5.808743169398907,0.0061370907697531766
prxy_0.csv.gz_4096.csv_reuse.csv_8.json,117108,933.5809014700777,39231896.80391021,9.43826643035882,99.90117409319069,179,-755,-4.217877094972067,0.009875420172648513
prxy_0.csv.gz_4096.csv_reuse.csv_9.json,126020,984.2682431547915,42697630.44826621,9.51589857544733,102.80948753701382,177,-808,-4.564971751412429,0.00844447075120691
prxy_1.csv.gz_4096.csv_reuse.csv_0.json,23309,6799.682419848003,30671196.647298984,-0.2595962024297193,-1.7988737824388186,12041,5241,0.4352628519225978,0.023953163958214747
prxy_1.csv.gz_4096.csv_reuse.csv_1.json,31411,6914.832149684085,32621094.289308462,-0.02453330254363657,-0.7957561998946847,12000,5085,0.42375,0.007581193429164696
prxy_1.csv.gz_4096.csv_reuse.csv_10.json,36308,6717.695173042807,32017360.887271453,0.2192908075875687,-0.010495727177921133,11381,4663,0.40971795097091646,0.00013428683668315522
prxy_1.csv.gz_4096.csv_reuse.csv_100.json,66986,5352.7238334739895,20859575.277974952,0.5481106155234579,1.7435792552187808,8977,3624,0.4036983402027403,0.00015833821041745167
prxy_1.csv.gz_4096.csv_reuse.csv_101.json,127237,5314.351842398482,21187814.6664647,1.1438457204153252,12.39373979129336,8887,3572,0.4019354112748959,0.0007686418189252243
prxy_1.csv.gz_4096.csv_reuse.csv_102.json,131966,5481.255161894757,31241399.255374074,3.226693252673628,30.110624741388612,8781,3299,0.3756975287552671,0.007885844163132451
prxy_1.csv.gz_4096.csv_reuse.csv_103.json,93867,5343.684216382675,24426920.217193283,1.7523260910884133,10.161525642006247,8806,3462,0.39314104019986373,0.000298637890534181
prxy_1.csv.gz_4096.csv_reuse.csv_104.json,85461,5221.614945788892,20273923.840497985,0.7390782994018709,3.1097274719357912,8755,3533,0.4035408338092519,9.820977608171053e-05
prxy_1.csv.gz_4096.csv_reuse.csv_105.json,94203,5236.4921124264865,20114267.668177288,0.64208473751083,2.4499605405585037,8784,3547,0.4038023679417122,9.219693264813642e-05
prxy_1.csv.gz_4096.csv_reuse.csv_106.json,132871,5192.136948024615,19722646.541028492,0.6478817754895622,2.8969039719596443,8703,3510,0.40330920372285417,8.41798080700376e-05
prxy_1.csv.gz_4096.csv_reuse.csv_107.json,130439,5204.672039642822,19877901.71636532,0.6777523778701297,3.2212383254258077,8713,3508,0.4026167795248479,0.00015533178870066463
prxy_1.csv.gz_4096.csv_reuse.csv_108.json,134588,5330.60777839503,21981696.67247166,1.1835104465908257,9.037747017291379,8799,3468,0.39413569723832254,0.007830726431658021
prxy_1.csv.gz_4096.csv_reuse.csv_109.json,142145,5370.936142219359,26097345.969135232,2.371779698572374,21.481058257665463,8722,3351,0.38420087135977987,0.004478566217440453
prxy_1.csv.gz_4096.csv_reuse.csv_11.json,36210,6723.345591124118,32065070.255177148,0.19780706739578324,-0.10312548451300607,11392,4668,0.4097612359550562,0.00010422261951528465
prxy_1.csv.gz_4096.csv_reuse.csv_110.json,146157,5286.293919793793,24818828.664855953,2.3295576799129454,22.24636363047276,8693,3406,0.3918095018980789,0.0015853863853190415
prxy_1.csv.gz_4096.csv_reuse.csv_111.json,151701,5303.920949852057,27511997.255745586,5.2197140409448775,107.51976222553864,8726,3422,0.39216135686454273,0.002894181972693674
prxy_1.csv.gz_4096.csv_reuse.csv_112.json,145211,5276.030149028364,23510077.05766133,2.307266736009897,30.31872379681706,8671,3394,0.3914196747779956,0.0018158787169393826
prxy_1.csv.gz_4096.csv_reuse.csv_113.json,154307,5270.850981393534,23159257.594500672,2.220812617325874,33.118440121244774,8681,3410,0.3928118880313328,0.0031627556460599843
prxy_1.csv.gz_4096.csv_reuse.csv_114.json,161633,5312.2842715221805,25169920.576110117,3.5226743175861497,64.47931178251207,8705,3392,0.3896611143021252,0.0031527342403373606
prxy_1.csv.gz_4096.csv_reuse.csv_115.json,156565,5250.353196959199,23391413.195284434,2.2057172742515547,29.463666184184937,8666,3415,0.394068774521117,0.002078439546872119
prxy_1.csv.gz_4096.csv_reuse.csv_116.json,177788,6949.622523611398,75205184.52162492,6.988304692969877,99.34916590895325,12131,5181,0.4270876267414063,0.014152243344026184
prxy_1.csv.gz_4096.csv_reuse.csv_117.json,176846,7430.486848797866,47172151.875501655,2.0276980902019694,20.02418076763274,12230,4799,0.3923957481602616,0.0030555296668981612
prxy_1.csv.gz_4096.csv_reuse.csv_118.json,183792,9639.402183088343,366420605.78753567,6.709295600927168,49.365478538541616,12241,2601,0.21248264030716446,0.001571357992028966
prxy_1.csv.gz_4096.csv_reuse.csv_119.json,185439,7325.63705537671,45544962.70214881,1.913009947211548,18.91280505957065,12135,4809,0.39629171817058095,0.0010382186733048525
prxy_1.csv.gz_4096.csv_reuse.csv_12.json,35262,6689.127875756303,31637502.550967224,0.2020912516176237,-0.07387744360858584,11321,4631,0.40906280363925446,8.317766749777525e-05
prxy_1.csv.gz_4096.csv_reuse.csv_120.json,185382,7152.533379647312,37273138.14493012,0.7961587348061177,12.154237570588382,12053,4900,0.4065377914212229,0.00032469387080190365
prxy_1.csv.gz_4096.csv_reuse.csv_121.json,177516,7098.366557860883,35718053.100320086,0.3863040631554026,3.1901772943811135,12008,4909,0.4088107928047968,0.00036778595859351433
prxy_1.csv.gz_4096.csv_reuse.csv_122.json,175273,7085.23505249111,35369994.54585854,0.3376111740774769,2.8424359981981295,12007,4921,0.40984425751644876,0.0004569765589063829
prxy_1.csv.gz_4096.csv_reuse.csv_123.json,133750,7091.859260729408,35498811.38640374,0.2886042305325037,1.2645776984914718,12008,4916,0.4093937375083278,0.00023149470418283872
prxy_1.csv.gz_4096.csv_reuse.csv_124.json,181448,7074.28694564494,35384516.504220665,0.2472772296707269,1.018936271325793,11999,4924,0.41036753062755227,0.00012727198022173384
prxy_1.csv.gz_4096.csv_reuse.csv_125.json,181999,7082.094442255264,35885955.2840595,0.6720201686250641,10.535105194085657,11977,4894,0.40861651498705853,0.0005351436018772116
prxy_1.csv.gz_4096.csv_reuse.csv_126.json,189445,7302.566942536594,52619502.75696069,3.190340234306442,33.93981315723437,11752,4449,0.37857385976855,0.009131514045515265
prxy_1.csv.gz_4096.csv_reuse.csv_127.json,195815,7280.061174550559,45304449.91328893,1.7052930090560232,14.024285567014033,12006,4725,0.39355322338830584,0.011382324026444512
prxy_1.csv.gz_4096.csv_reuse.csv_128.json,206498,7137.754516445162,42332294.561605096,1.4988427033652172,11.673861138300175,11872,4734,0.3987533692722372,0.0019511696495410694
prxy_1.csv.gz_4096.csv_reuse.csv_129.json,164874,7040.853776506504,37236516.34137454,0.6963905817080277,3.8382963164481536,11828,4787,0.4047176192086574,8.91906003128686e-05
prxy_1.csv.gz_4096.csv_reuse.csv_13.json,36955,6675.603268724604,31678518.895809654,0.2156680460101993,-0.03057296748746774,11310,4634,0.4097259062776304,0.0001663553349955505
prxy_1.csv.gz_4096.csv_reuse.csv_130.json,127287,6952.587027665267,34151627.98103696,0.31372733459601854,1.1624371871503163,11794,4841,0.4104629472613193,0.00018639833323812988
prxy_1.csv.gz_4096.csv_reuse.csv_131.json,165629,6910.4152822655005,33881751.17134568,0.3019438288696017,1.7151415108602874,11769,4858,0.412779335542527,7.916918454737775e-05
prxy_1.csv.gz_4096.csv_reuse.csv_132.json,86141,6949.537296483541,33891609.9572411,0.21054867197109592,0.09121846987037152,11758,4808,0.40891308045585983,0.00015533194436510823
prxy_1.csv.gz_4096.csv_reuse.csv_133.json,210081,7010.530191966456,37594589.602310136,1.709981858252134,33.84188297715704,11814,4803,0.40655154900964957,0.004313217345467264
prxy_1.csv.gz_4096.csv_reuse.csv_134.json,219681,7186.765061313151,44503906.62208974,2.883800212124051,52.63666739320093,11824,4637,0.3921684709066306,0.009024284896824514
prxy_1.csv.gz_4096.csv_reuse.csv_135.json,216046,7121.213732583402,46350652.280478805,3.238218801939948,50.13889927566935,11791,4669,0.3959799847341192,0.0013308440136571855
prxy_1.csv.gz_4096.csv_reuse.csv_136.json,226089,7055.182812867153,40203907.94045867,2.8431566838211153,62.756349648048285,11802,4746,0.40213523131672596,0.0020293366925118977
prxy_1.csv.gz_4096.csv_reuse.csv_137.json,225660,7018.51926096246,40657452.010877274,3.3286099554076856,80.01838724027341,11750,4731,0.4026382978723404,0.002357036988043449
prxy_1.csv.gz_4096.csv_reuse.csv_138.json,221409,7076.540138400988,39964769.38732592,2.6301600845821076,57.28023625467271,11769,4692,0.3986744838134081,0.0046719840298718365
prxy_1.csv.gz_4096.csv_reuse.csv_139.json,233257,6994.711722987486,40748397.76715349,3.1565251695184746,73.39580406380887,11718,4723,0.40305512886158046,0.0015503130189214352
prxy_1.csv.gz_4096.csv_reuse.csv_14.json,37524,6666.536985614505,31749809.76733099,0.22852856986141304,0.030709692893622353,11284,4617,0.40916341722793337,0.0006804534485661373
prxy_1.csv.gz_4096.csv_reuse.csv_140.json,235391,6975.690286848046,38185753.94508269,2.337746077403548,56.756497084053734,11668,4692,0.40212547137470006,0.0019391439506224802
prxy_1.csv.gz_4096.csv_reuse.csv_141.json,231001,6963.242536451058,37930934.18993476,2.4594257309555263,60.929247997057495,11686,4722,0.4040732500427862,0.002698767265646687
prxy_1.csv.gz_4096.csv_reuse.csv_142.json,240709,7044.772801183153,40966002.7472011,3.205644676123483,78.7967055523547,11691,4646,0.39739970917800016,0.005272266834224738
prxy_1.csv.gz_4096.csv_reuse.csv_143.json,236634,6931.390023010533,39152472.15381982,2.1075615745247935,39.47285690774384,11531,4599,0.39883791518515305,0.0022367799988575587
prxy_1.csv.gz_4096.csv_reuse.csv_144.json,239111,6926.8508679719025,37862188.46562902,2.1215132690678873,45.08642428345386,11558,4631,0.40067485724173735,0.0037720608941307575
prxy_1.csv.gz_4096.csv_reuse.csv_145.json,251042,6815.283449063742,36120500.939874195,1.988254049426406,51.20398825481458,11435,4619,0.4039352864013992,0.0008638460389853117
prxy_1.csv.gz_4096.csv_reuse.csv_146.json,206026,6741.629017331187,32961105.88199203,0.6760474880800069,8.856150527117368,11349,4607,0.4059388492378183,0.0005291307524179171
prxy_1.csv.gz_4096.csv_reuse.csv_147.json,237915,6736.5862040610855,32384849.782528184,0.4433989649094377,4.528100917919058,11354,4617,0.4066408314250484,0.0006433748921445128
prxy_1.csv.gz_4096.csv_reuse.csv_148.json,201476,6693.103820447298,32254534.507485967,0.38067522474827614,2.6234292303794096,11323,4629,0.4088139185728164,0.0003627752507107689
prxy_1.csv.gz_4096.csv_reuse.csv_149.json,226172,6699.479160796527,31968489.279758163,0.4301836777750409,5.291386999975311,11317,4617,0.4079703101528674,0.0005852506807046659
prxy_1.csv.gz_4096.csv_reuse.csv_15.json,37751,6609.805909981804,31356543.021639414,0.28739349988394014,0.2959593238224292,11214,4604,0.4105582307829499,0.0003998540883326786
prxy_1.csv.gz_4096.csv_reuse.csv_150.json,147650,6696.091122577695,31997097.06043574,0.31593494344499873,0.9760698699986738,11333,4636,0.4090708550251478,0.0005702185570564296
prxy_1.csv.gz_4096.csv_reuse.csv_151.json,255992,6720.591164959036,40295008.77037661,6.991556602234661,228.5432155275118,11240,4519,0.4020462633451957,0.003216874460722564
prxy_1.csv.gz_4096.csv_reuse.csv_152.json,257646,6654.72563063623,33721358.160855845,2.040338837684997,63.56212556048398,11170,4515,0.40420769919427035,0.00029964033138817655
prxy_1.csv.gz_4096.csv_reuse.csv_153.json,253502,6634.93345856296,31690598.640406564,0.6240856567886385,10.156569810957489,11191,4556,0.4071128585470467,0.00022949042102974056
prxy_1.csv.gz_4096.csv_reuse.csv_154.json,253594,6577.113434268922,31294143.49496895,1.0147163201046925,26.746289521296823,11139,4561,0.4094622497531197,0.00013128054652793017
prxy_1.csv.gz_4096.csv_reuse.csv_155.json,178470,6583.29772039079,30665674.27268537,0.3761813912344719,3.721514985136805,11143,4559,0.40913578031050885,0.0001924111826974244
prxy_1.csv.gz_4096.csv_reuse.csv_156.json,220343,6596.728559816625,30658371.344099324,0.3467285085512246,3.4230906170282465,11134,4537,0.4074905694269804,0.0001222612723389884
prxy_1.csv.gz_4096.csv_reuse.csv_157.json,220205,6601.576505681733,30852319.686700277,0.4109280485850928,5.556306994834063,11165,4563,0.40868786386027767,0.0001924111826974244
prxy_1.csv.gz_4096.csv_reuse.csv_158.json,259127,6599.66050899746,30786618.20095411,0.5508514133995462,12.821460907204711,11129,4529,0.40695480276754425,0.0001372933959872247
prxy_1.csv.gz_4096.csv_reuse.csv_159.json,279618,7071.41388202107,49648529.49194855,6.116780400653011,157.16945441868322,11373,4301,0.3781763826606876,0.028020880621888976
prxy_1.csv.gz_4096.csv_reuse.csv_16.json,38911,6670.030587937559,32021632.218249694,0.31533278885821703,0.43727378717995835,11255,4584,0.40728565082185697,0.002116520888618088
prxy_1.csv.gz_4096.csv_reuse.csv_160.json,290019,6920.078336632868,54032624.67549688,3.9458658843220897,48.27673324238511,11127,4206,0.3779994607710973,0.0027789385917706137
prxy_1.csv.gz_4096.csv_reuse.csv_161.json,282920,6709.259170227474,41662383.904888354,4.6177634155389935,122.01276909807285,11097,4387,0.3953320717310985,0.0011344242646535647
prxy_1.csv.gz_4096.csv_reuse.csv_162.json,284208,6645.209975199503,40265635.49794177,6.029898287027361,179.08440087693185,11059,4413,0.3990415046568406,0.0015152380637422171
prxy_1.csv.gz_4096.csv_reuse.csv_163.json,285426,6676.509683611938,37980759.487355374,4.685205648808415,149.16039380407534,11106,4429,0.39879344498469294,0.005010707882745427
prxy_1.csv.gz_4096.csv_reuse.csv_164.json,296808,6600.555998097071,36911963.75660038,4.023210862157053,132.82292025058047,11034,4433,0.40175820192133405,0.003613722525036002
prxy_1.csv.gz_4096.csv_reuse.csv_165.json,291323,6618.105136758643,36703708.94926573,4.041819722250728,128.58605166232536,10999,4380,0.3982180198199836,0.0035275383494527807
prxy_1.csv.gz_4096.csv_reuse.csv_166.json,308752,6585.814662140805,39662093.25009691,6.853924921102222,262.9992411339305,10988,4402,0.400618856934838,0.00447055357298547
prxy_1.csv.gz_4096.csv_reuse.csv_167.json,321048,6848.989477980907,46634516.086780995,6.615504942902236,205.02889097057465,11238,4389,0.39054991991457555,0.017956372768606513
prxy_1.csv.gz_4096.csv_reuse.csv_168.json,326953,6861.722990048488,68416221.53321938,12.15845896905877,348.67984494891755,11007,4145,0.37657854092850007,0.005462673733769064
prxy_1.csv.gz_4096.csv_reuse.csv_17.json,42497,6704.0752333959745,33356866.70169776,0.48442351236518316,1.266443000554287,11282,4577,0.4056904804112746,0.0027799379474557654
prxy_1.csv.gz_4096.csv_reuse.csv_18.json,42078,6708.753706614704,33430228.411506593,0.5644251751217643,1.7369116210334816,11243,4534,0.4032731477363693,0.002283878364185901
prxy_1.csv.gz_4096.csv_reuse.csv_19.json,45617,6717.9307683729,33755892.76987316,0.6115198847527157,1.9720918901839148,11253,4535,0.40300364347285167,0.0025584648809857855
prxy_1.csv.gz_4096.csv_reuse.csv_2.json,32680,7051.642922901618,35622840.64008706,0.2879159663679133,0.33783920682131763,11923,4871,0.40853811960077163,0.0018028508894999719
prxy_1.csv.gz_4096.csv_reuse.csv_20.json,48657,6696.790289848368,33841107.196749255,0.5987062716873596,1.9047585855189375,11214,4517,0.40280007133939716,0.003489453472617511
prxy_1.csv.gz_4096.csv_reuse.csv_21.json,53173,6679.526852829673,34222888.57684896,0.6981692809046751,2.4412267883047916,11185,4505,0.402771569065713,0.002648657532489397
prxy_1.csv.gz_4096.csv_reuse.csv_22.json,69272,6918.92778578789,42396737.02266234,1.6981198174506955,8.959267454131838,11173,4254,0.3807392821981563,0.01580576110572182
prxy_1.csv.gz_4096.csv_reuse.csv_23.json,70687,6777.718134690049,40888046.023605205,1.8437272924273704,10.340982557329728,11141,4363,0.39161655147652813,0.002130550856629761
prxy_1.csv.gz_4096.csv_reuse.csv_24.json,72212,6640.401256433272,33670026.04972651,0.7396761699594282,3.4231990305016566,11122,4481,0.4028951627405143,0.001874002870130599
prxy_1.csv.gz_4096.csv_reuse.csv_25.json,74733,6504.931796826059,32245693.454697747,0.7372360518475886,3.450154067815257,10860,4355,0.40101289134438306,0.0017557502826036414
prxy_1.csv.gz_4096.csv_reuse.csv_26.json,75059,6389.801803707465,30115814.464147773,0.5484116004182292,1.9494521615551266,10730,4340,0.4044734389561976,0.0003637770277312339
prxy_1.csv.gz_4096.csv_reuse.csv_27.json,71147,6327.862813427705,28833027.61868976,0.3715949419374341,0.8323293698348899,10690,4362,0.408044901777362,0.00010622690065980936
prxy_1.csv.gz_4096.csv_reuse.csv_28.json,68339,6327.35264186494,28537633.67739427,0.28642867775761743,0.35284683265336847,10692,4364,0.4081556303778526,8.41798080700376e-05
prxy_1.csv.gz_4096.csv_reuse.csv_29.json,68683,6320.785840809097,28734395.963669084,0.2952472488911137,0.3901442242842119,10693,4372,0.4088656130178622,0.00030765715568454216
prxy_1.csv.gz_4096.csv_reuse.csv_3.json,33599,7039.435851039928,35497629.05658054,0.2794585400403978,0.282248001667293,11895,4855,0.40815468684321143,0.0008738665790127713
prxy_1.csv.gz_4096.csv_reuse.csv_30.json,70911,6326.155811263721,28564503.820677128,0.3038853950922933,0.48788026847518173,10655,4328,0.40619427498826843,0.00011223974409338346
prxy_1.csv.gz_4096.csv_reuse.csv_31.json,74538,6230.273441964831,27932932.63031385,0.3982240490930722,1.2832155615830674,10576,4345,0.4108358547655068,0.00048704031811950323
prxy_1.csv.gz_4096.csv_reuse.csv_32.json,72301,6105.396869031686,27030156.078340266,0.46749311152630885,1.6988382479810387,10337,4231,0.4093063751572023,0.0004098754940553021
prxy_1.csv.gz_4096.csv_reuse.csv_33.json,71987,6160.167603045998,27281227.891893037,0.33810029735985586,0.6420984618182262,10383,4222,0.4066262159298854,0.000227485909903554
prxy_1.csv.gz_4096.csv_reuse.csv_34.json,59173,6112.227944138983,26691988.804929998,0.31920580354056965,0.5027165003326521,10303,4190,0.4066776666990197,0.00010221833837075995
prxy_1.csv.gz_4096.csv_reuse.csv_35.json,58576,6104.656895131304,26545975.522628695,0.3132167421791389,0.5498420260534211,10300,4195,0.40728155339805827,0.00010221833837075995
prxy_1.csv.gz_4096.csv_reuse.csv_36.json,69017,6131.201350434426,26711247.94768149,0.2951876036510071,0.40436251072904694,10343,4211,0.4071352605626994,0.00011123760352112112
prxy_1.csv.gz_4096.csv_reuse.csv_37.json,65411,6100.167535966356,26738002.302304305,0.3258020529752596,0.5188265919727013,10290,4189,0.40709426627793976,0.0001262697121050564
prxy_1.csv.gz_4096.csv_reuse.csv_38.json,30295,6070.291845274188,26421424.276580118,0.33310071795276436,0.5531083290969017,10244,4173,0.4073604060913706,9.921191665397288e-05
prxy_1.csv.gz_4096.csv_reuse.csv_39.json,71840,6054.903431265447,26296692.863361947,0.3357681159148745,0.5847787625020149,10202,4147,0.40648892374044304,9.820977608171053e-05
prxy_1.csv.gz_4096.csv_reuse.csv_4.json,35093,7038.751080837299,35086265.54210369,0.2617101800626496,0.20471750714301828,11900,4861,0.4084873949579832,0.0011855322969863628
prxy_1.csv.gz_4096.csv_reuse.csv_40.json,72837,6073.6717305656175,26807983.65724921,0.5017836996684979,2.158515106049901,10183,4109,0.4035156633605028,0.0023911074054179726
prxy_1.csv.gz_4096.csv_reuse.csv_41.json,72364,6073.997778884772,27255578.577844426,0.5548669172016263,1.7169033493116785,10189,4115,0.4038669153008146,0.00016735747556781284
prxy_1.csv.gz_4096.csv_reuse.csv_42.json,73416,6012.890280962843,26479804.26405771,0.46995205379766036,1.3563650944318244,10155,4142,0.40787789266371244,0.00015232536698387756
prxy_1.csv.gz_4096.csv_reuse.csv_43.json,79114,6023.763643762271,25932126.855022024,0.3734150489181071,0.8588441050179783,10129,4105,0.40527199131207425,0.0001372932583999423
prxy_1.csv.gz_4096.csv_reuse.csv_44.json,39674,6008.7874530446325,26088018.021910362,0.35061210925648084,0.619282023776941,10133,4124,0.40698707194315603,0.00010823118180433405
prxy_1.csv.gz_4096.csv_reuse.csv_45.json,33800,5986.5650918356305,25809302.04178615,0.3572231727502836,0.6766674687541205,10070,4083,0.4054617676266137,0.0002124538013196187
prxy_1.csv.gz_4096.csv_reuse.csv_46.json,79733,5942.182051120113,25670231.78538748,0.4160256919350289,1.1129588810852242,10006,4063,0.40605636618029184,0.00033170852941883863
prxy_1.csv.gz_4096.csv_reuse.csv_47.json,76299,5970.776531267822,25625089.856661532,0.38234580593621376,0.8817300019651433,10021,4050,0.40415128230715497,0.0001453103829780411
prxy_1.csv.gz_4096.csv_reuse.csv_48.json,37620,5943.726708796805,25321735.532773376,0.3805786620643858,0.8088331995097287,10007,4063,0.4060157889477366,0.00032068498312395275
prxy_1.csv.gz_4096.csv_reuse.csv_49.json,69999,5962.289061387695,25686846.17804677,0.41096438668412694,0.9828675667966413,10004,4041,0.40393842463014795,0.0004990660049866514
prxy_1.csv.gz_4096.csv_reuse.csv_5.json,35201,7002.329595522645,35378146.691852994,0.25135508193758527,0.10866437724809774,11870,4867,0.41002527379949455,0.0001322825555386305
prxy_1.csv.gz_4096.csv_reuse.csv_50.json,77928,5915.47787150277,25434071.478762966,0.42946046685109546,1.075878198945328,9981,4065,0.4072738202584911,0.00014631252355030346
prxy_1.csv.gz_4096.csv_reuse.csv_51.json,77372,5902.311013603513,25120045.511495303,0.38973344024729034,0.8879528393244795,9908,4005,0.40421881308033913,0.00010722904123207171
prxy_1.csv.gz_4096.csv_reuse.csv_52.json,78211,5871.021738258934,24847974.060512897,0.3871049832659149,0.8728320469257365,9891,4019,0.4063289859468203,8.41798080700376e-05
prxy_1.csv.gz_4096.csv_reuse.csv_53.json,42446,5901.659749311439,24980318.953821264,0.3755500327205124,0.7904970787145849,9918,4016,0.4049203468441218,0.0001322825555386305
prxy_1.csv.gz_4096.csv_reuse.csv_54.json,72535,5879.742557844456,24969535.057571758,0.3899477784861491,0.8710818231844693,9900,4020,0.40606060606060607,0.00010221833837075995
prxy_1.csv.gz_4096.csv_reuse.csv_55.json,82133,5748.795948122166,24293785.06139961,0.5266489337404238,1.9616951079434823,9734,3985,0.4093897678241216,0.0005992800622128867
prxy_1.csv.gz_4096.csv_reuse.csv_56.json,77511,5770.535670177915,24091549.746273387,0.4681032465220385,1.334200685900278,9681,3910,0.4038838962917054,0.00030865929625680454
prxy_1.csv.gz_4096.csv_reuse.csv_57.json,78112,5747.401325358329,23936302.611023434,0.44112781068693385,1.1742881536043726,9657,3909,0.40478409443926683,0.00024752872134880106
prxy_1.csv.gz_4096.csv_reuse.csv_58.json,77569,5732.690930193166,23742224.79043279,0.4366087885680696,1.202118216896185,9629,3896,0.40461107072385505,0.00012526757153279405
prxy_1.csv.gz_4096.csv_reuse.csv_59.json,77453,5709.582386523089,23485654.67016175,0.44839167419920756,1.2804151535569028,9603,3893,0.4053941476621889,0.00012827399324958112
prxy_1.csv.gz_4096.csv_reuse.csv_6.json,35099,6961.061166344024,34420910.59815924,0.21351607712091858,-0.052637188481428066,11815,4853,0.4107490478205671,0.00037179415230933273
prxy_1.csv.gz_4096.csv_reuse.csv_60.json,77399,5728.447079988374,23736101.92733811,0.4226002864130423,1.0649186111447113,9609,3880,0.4037881153085649,9.420121379266112e-05
prxy_1.csv.gz_4096.csv_reuse.csv_61.json,30659,5719.268469405755,23645435.637351677,0.4366602975443804,1.0929573364784035,9610,3890,0.404786680541103,0.00016034249156197638
prxy_1.csv.gz_4096.csv_reuse.csv_62.json,36214,5716.766767492112,23500785.062552158,0.43512420357600184,1.1033256933335842,9604,3887,0.4047271970012495,0.00010021405722623524
prxy_1.csv.gz_4096.csv_reuse.csv_63.json,77398,5793.067695344292,24913016.50357205,0.629938343083921,2.2104330437589708,9644,3850,0.39921194525093323,0.003845213375770646
prxy_1.csv.gz_4096.csv_reuse.csv_64.json,87923,5756.460480972209,25479429.5372216,0.8307725708325782,3.44521582339208,9613,3856,0.4011234786226984,0.00021846664475319282
prxy_1.csv.gz_4096.csv_reuse.csv_65.json,71281,5718.640824262834,23800206.80861061,0.5268680317649928,1.6448297789269821,9606,3887,0.4046429315011451,0.0001242654309605317
prxy_1.csv.gz_4096.csv_reuse.csv_66.json,44813,5711.236693655895,23637944.116164356,0.45742402291148737,1.2287087929046798,9577,3865,0.40357105565417145,0.00018238958415174814
prxy_1.csv.gz_4096.csv_reuse.csv_67.json,40609,5688.403031985584,23520568.199844196,0.4431594666893118,1.1210057474073052,9558,3869,0.4047917974471647,0.00010221833837075995
prxy_1.csv.gz_4096.csv_reuse.csv_68.json,40068,5695.488813744817,23542127.107978955,0.4308455223312991,1.07636685603251,9560,3864,0.40418410041841,7.716482406420114e-05
prxy_1.csv.gz_4096.csv_reuse.csv_69.json,42431,5690.553782656369,23451682.626011133,0.45097309352124326,1.1685256394459005,9559,3868,0.40464483732608014,0.0001262697121050564
prxy_1.csv.gz_4096.csv_reuse.csv_7.json,36336,6733.56922837804,32195746.5409633,0.27944088606786305,0.2995094745328597,11425,4691,0.41059080962800876,0.0006153143113690843
prxy_1.csv.gz_4096.csv_reuse.csv_70.json,42577,5696.467884630226,23520988.196391504,0.43809095464524805,1.1086553640225176,9560,3863,0.4040794979079498,0.00013328469611089287
prxy_1.csv.gz_4096.csv_reuse.csv_71.json,41883,5678.883458160574,23315457.808485623,0.4358639196035487,1.1074393939819132,9528,3849,0.40396725440806047,8.518194864229995e-05
prxy_1.csv.gz_4096.csv_reuse.csv_72.json,85246,5653.232624410623,23345557.635224804,0.459220340600124,1.2400860289167177,9498,3844,0.40471678248052223,0.00020042811445247048
prxy_1.csv.gz_4096.csv_reuse.csv_73.json,85625,5629.2067005560575,23108014.215098433,0.5172178933841639,1.7361781229445308,9424,3794,0.4025891341256367,0.00030565287454001745
prxy_1.csv.gz_4096.csv_reuse.csv_74.json,40264,5607.2862884111,22875427.951228205,0.43803625284030334,1.114685841151358,9374,3766,0.40174951994879454,7.315626177515173e-05
prxy_1.csv.gz_4096.csv_reuse.csv_75.json,70855,5571.253671673145,22466067.263715226,0.4121465834998316,0.991345125968139,9326,3754,0.4025305597254986,9.019265150361171e-05
prxy_1.csv.gz_4096.csv_reuse.csv_76.json,41357,5581.461492280015,22433596.46001266,0.40370232447347904,0.9443078694031359,9324,3742,0.4013299013299013,0.00012927613382184345
prxy_1.csv.gz_4096.csv_reuse.csv_77.json,41342,5590.744983884288,22545602.04453864,0.3951188294480812,0.9096176092927206,9354,3763,0.4022877913192217,8.017124578098819e-05
prxy_1.csv.gz_4096.csv_reuse.csv_78.json,86280,5591.098924334464,22529151.077542584,0.46726041326958206,1.5938612628825926,9384,3792,0.4040920716112532,0.0004359311489341233
prxy_1.csv.gz_4096.csv_reuse.csv_79.json,85773,5573.143163474908,22682337.26335729,0.5127751961874427,1.5935625410157908,9354,3780,0.4041051956382296,0.00034774277857503626
prxy_1.csv.gz_4096.csv_reuse.csv_8.json,36667,6734.992401467179,32572654.102937564,0.25601795462968024,0.13790302231540608,11437,4702,0.41112179767421525,0.0003036485933954928
prxy_1.csv.gz_4096.csv_reuse.csv_80.json,41960,5561.970542890538,22532004.247441955,0.49238528973143636,1.4044300326451546,9325,3763,0.40353887399463806,0.00027859507908893394
prxy_1.csv.gz_4096.csv_reuse.csv_81.json,85191,5567.106727017419,22450910.239755448,0.4971843285098734,1.7312839191911538,9323,3755,0.40276734956559046,0.00014130182068899168
prxy_1.csv.gz_4096.csv_reuse.csv_82.json,85627,5521.454003070805,22178536.408037584,0.4980465984473153,1.4670812883815962,9290,3768,0.40559741657696446,8.017124578098819e-05
prxy_1.csv.gz_4096.csv_reuse.csv_83.json,85655,5509.722585423592,21859922.706129625,0.5118366598254894,1.6906673502592913,9247,3737,0.40413106953606576,0.0001012161977984976
prxy_1.csv.gz_4096.csv_reuse.csv_84.json,85768,5510.899476918358,22075614.411582112,0.5055202838080872,1.5775505352035077,9234,3723,0.403183885640026,0.00012326329038826934
prxy_1.csv.gz_4096.csv_reuse.csv_85.json,85801,5544.789201449535,22294950.058371045,0.5435197402693129,1.9402055302224834,9245,3700,0.4002163331530557,0.002791963634322914
prxy_1.csv.gz_4096.csv_reuse.csv_86.json,98421,5733.195354184477,29042010.067582376,2.0165428207916354,14.182066682560478,9413,3679,0.39084245192818445,0.014127175647182381
prxy_1.csv.gz_4096.csv_reuse.csv_87.json,110824,5668.7145423542715,31677224.031463385,2.80387589847145,21.1096810166754,9237,3568,0.3862725993287864,0.0014741487817979205
prxy_1.csv.gz_4096.csv_reuse.csv_88.json,112039,5570.82130701875,26873852.369401053,2.499080670389216,29.297842238867425,9200,3629,0.39445652173913043,0.0021215315914794
prxy_1.csv.gz_4096.csv_reuse.csv_89.json,113051,5584.226121206696,25351408.19067929,1.539928259884602,12.138590653137832,9229,3644,0.39484234478275004,0.0036528023858962743
prxy_1.csv.gz_4096.csv_reuse.csv_9.json,36761,6740.893035456714,32368149.95318301,0.22174015728414648,0.013151202612057489,11415,4674,0.40946123521682,0.00022548162875902928
prxy_1.csv.gz_4096.csv_reuse.csv_90.json,118200,5558.4568785263355,25117298.9246335,1.5611098654204665,13.355219473852593,9204,3645,0.3960234680573664,0.002146585105785959
prxy_1.csv.gz_4096.csv_reuse.csv_91.json,108116,5567.902565738046,25142723.08334927,1.5125780281498222,12.229655149041633,9211,3643,0.39550537400933666,0.0038893075609501898
prxy_1.csv.gz_4096.csv_reuse.csv_92.json,119014,5525.105510926014,24925953.003321383,1.5894139416273187,13.064615989097707,9178,3652,0.3979080409675311,0.0013919732548724074
prxy_1.csv.gz_4096.csv_reuse.csv_93.json,123873,5503.750327495465,23656254.224678367,1.3338010508929503,13.175523624051536,9155,3651,0.398798470780994,0.0016705683339613415
prxy_1.csv.gz_4096.csv_reuse.csv_94.json,124564,5500.351374817069,23705009.993568327,1.2420085514331298,10.55877652498361,9146,3645,0.39853487863546905,0.0015893949476080908
prxy_1.csv.gz_4096.csv_reuse.csv_95.json,126125,5464.748713539415,23312003.314607807,1.270103569125715,12.075123133457453,9081,3616,0.3981940314943288,0.0011394338306622946
prxy_1.csv.gz_4096.csv_reuse.csv_96.json,120128,5398.636916207345,22024064.922362316,0.9048004219641957,5.152723676095485,9021,3622,0.40150759339319364,0.0003788091363151692
prxy_1.csv.gz_4096.csv_reuse.csv_97.json,87298,5393.509559362262,21244261.19799207,0.5939926930550813,2.1430109961933512,9038,3644,0.4031865456959504,0.0001513232264116152
prxy_1.csv.gz_4096.csv_reuse.csv_98.json,124114,5367.26146128287,21152506.76432644,0.6707482650856805,3.7884914390179247,9008,3640,0.40408525754884544,0.00017938316243496107
prxy_1.csv.gz_4096.csv_reuse.csv_99.json,123043,5392.511716545881,21188220.33984509,0.5723667214474243,2.607603927641314,9026,3633,0.40250387768668294,8.718622978682466e-05
rsrch_0.csv.gz_4096.csv_reuse.csv_0.json,36516,2074.4495393690254,31549392.959879093,3.366832755448285,11.569535674550373,67,-2008,-29.970149253731343,0.05116018230340096
rsrch_0.csv.gz_4096.csv_reuse.csv_1.json,46161,3287.4412649708006,61968582.83793725,2.7700563686292043,7.126555954118949,136,-3152,-23.176470588235293,0.013416068312159002
rsrch_1.csv.gz_4096.csv_reuse.csv_0.json,4231,742.0780813078081,445275.6032389987,0.7718912943817171,0.006610254543191196,846,103,0.12174940898345153,0.3252050221351332
rsrch_2.csv.gz_4096.csv_reuse.csv_0.json,151915,10206.77041407268,1075253604.13891,3.5580779100430346,11.154920895023352,335,-9872,-29.46865671641791,0.7338163459963581
src1_0.csv.gz_4096.csv_reuse.csv_0.json,745802,11934.500302480339,1202048858.4251573,13.43627899330034,197.31698294509124,12417,482,0.038817749859064186,0.9798541978546081
src1_0.csv.gz_4096.csv_reuse.csv_1.json,1752466,23320.205388866958,15556261429.519846,10.70703060572664,119.73796974925442,13643,-9678,-0.7093747709448068,0.9897097566375725
src1_0.csv.gz_4096.csv_reuse.csv_10.json,4489776,1819965.0710111118,2049361823404.4941,0.4037084336243613,-0.8545378706342213,2446930,626964,0.25622473875427576,0.13929101726347776
src1_0.csv.gz_4096.csv_reuse.csv_11.json,4586164,2004069.3198314428,1957090075993.8127,0.38971015718062235,-0.7898770459247699,2480938,476868,0.1922127840357155,0.15885994828472247
src1_0.csv.gz_4096.csv_reuse.csv_12.json,5032943,3272786.937831391,1639298968816.745,-0.7232333180683057,-0.6548466593748312,4246004,973217,0.22920774450518652,0.3962515564348552
src1_0.csv.gz_4096.csv_reuse.csv_13.json,5210163,3011488.9574572113,1290545379647.561,-1.7972999451910718,2.2497887507210157,3621175,609686,0.1683668974849324,0.19197519454166168
src1_0.csv.gz_4096.csv_reuse.csv_14.json,5289921,3293426.750388761,1554491885755.0122,-2.0675382214348024,2.540990588450513,3804803,511376,0.13440275357226117,0.06670180709125643
src1_0.csv.gz_4096.csv_reuse.csv_15.json,5303964,3102611.4602127546,1215880282727.9407,-1.9935136014217345,2.9394350597491234,3613763,511151,0.1414456343705993,0.01385710847117825
src1_0.csv.gz_4096.csv_reuse.csv_16.json,5325549,2437061.7019249327,503131976686.83234,-2.1972781684239724,6.41342101879188,2651076,214014,0.08072722170167887,0.026501567608247234
src1_0.csv.gz_4096.csv_reuse.csv_17.json,5344553,2034136.3762765138,618112734684.8561,-0.7313464004948761,2.3050169859053122,2410652,376515,0.1561880354360563,0.01382968675256774
src1_0.csv.gz_4096.csv_reuse.csv_18.json,5343907,1690808.686892728,198004770721.76974,0.46463718217842337,3.326887974961015,2043841,353032,0.1727296790699472,0.0002010926031437477
src1_0.csv.gz_4096.csv_reuse.csv_19.json,5350440,1889127.6157227247,660781102111.8484,-0.9142472278051339,0.676259116943231,2423820,534692,0.22059888935647037,0.006428869585353146
src1_0.csv.gz_4096.csv_reuse.csv_2.json,2465786,946319.0772561688,591399739579.151,0.1516880462687781,-1.692142633177508,1676514,730194,0.43554303751713375,0.556713134583627
src1_0.csv.gz_4096.csv_reuse.csv_20.json,5386144,1732226.0626134004,748303972118.9489,0.1681306407370527,1.852477359014955,2252517,520290,0.23098160857387537,0.035546672272884695
src1_0.csv.gz_4096.csv_reuse.csv_21.json,5397206,1913557.9892180492,280433625999.71124,-1.3486372589260807,5.841300146072335,2250361,336803,0.1496662091104494,0.011033687073503409
src1_0.csv.gz_4096.csv_reuse.csv_22.json,5400610,1926061.9444395185,549424864424.19214,-1.5699062688655365,1.7301333000347574,2386572,460510,0.19295877099035771,0.0034734176906647328
src1_0.csv.gz_4096.csv_reuse.csv_23.json,5296822,1699268.0665903408,241093320679.34177,-0.13912917036313233,-0.19657227424260393,2055914,356645,0.17347272308082926,0.00024781108670239615
src1_0.csv.gz_4096.csv_reuse.csv_24.json,5401973,2071818.1361212418,271067499676.1102,-2.620581427187528,7.482175017226371,2393124,321305,0.13426174322768064,0.0022221748266591916
src1_0.csv.gz_4096.csv_reuse.csv_25.json,5418031,1540157.0787436345,647040689379.822,-0.16567165736437356,0.43901587911793305,2205162,665004,0.3015669597063617,0.015588739220471633
src1_0.csv.gz_4096.csv_reuse.csv_26.json,5420978,1777930.6333886927,319819950026.8832,-0.5171986285746049,6.714671161327109,1808377,30446,0.016836091146923457,0.005651920891388666
src1_0.csv.gz_4096.csv_reuse.csv_27.json,5440962,1904299.5392589446,586717219355.2849,-1.6151800290877147,1.222701568070665,2332328,428028,0.18351964217725808,0.12049306281300115
src1_0.csv.gz_4096.csv_reuse.csv_28.json,5542441,1765112.4748349255,294074157087.10333,-0.6079285146465878,0.533675946600249,2143704,378591,0.17660600530670278,0.016831857130814802
src1_0.csv.gz_4096.csv_reuse.csv_29.json,5422897,2183087.1170564205,155169786452.03693,-3.4450986147723017,16.673584504490822,2481993,298905,0.12042942909186287,0.02573579072556852
src1_0.csv.gz_4096.csv_reuse.csv_3.json,2692642,1535132.7165464705,910891734047.1035,-0.455030992230839,-1.3838197386962745,2434309,899176,0.3693762788536706,0.22474309938230103
src1_0.csv.gz_4096.csv_reuse.csv_30.json,5604664,1774530.6673453683,687399987057.1659,-0.8200087103658193,0.30262699674529836,2277478,502947,0.22083506404891726,0.02333994501437609
src1_0.csv.gz_4096.csv_reuse.csv_31.json,5609714,1536792.484474172,336401196200.4205,-0.32627344029746486,4.680319326745767,1798457,261664,0.1454936092439241,0.004222944666018701
src1_0.csv.gz_4096.csv_reuse.csv_32.json,5627196,1916119.25482969,677574591878.598,-1.4986798198779645,1.037377802703661,2355252,439132,0.1864479894295812,0.016016314906954047
src1_0.csv.gz_4096.csv_reuse.csv_33.json,5625673,1724345.0717264726,256249676905.95172,-0.7162142803524496,0.320597717677261,2024886,300540,0.14842317048959794,0.00035952919956003373
src1_0.csv.gz_4096.csv_reuse.csv_34.json,4844274,1963951.8800501062,133869188918.00273,-1.98189139265855,7.94578779940657,2016837,52885,0.026221752179278742,0.0003148419544169787
src1_0.csv.gz_4096.csv_reuse.csv_35.json,5650121,1718773.006293395,634860767836.3804,-0.9711221734275866,-0.15374242444925246,2272736,553962,0.24374234402939893,0.023175414702713025
src1_0.csv.gz_4096.csv_reuse.csv_36.json,5655046,1589672.7389563278,420091682625.8654,-0.18971547147913886,2.615075198068465,1810259,220586,0.121853281767968,0.005548327732193403
src1_0.csv.gz_4096.csv_reuse.csv_37.json,5657841,1995711.9683642471,461957850439.3025,-2.0702319304220556,3.4777982154113447,2338252,342540,0.14649404769032592,0.0027360781458043246
src1_0.csv.gz_4096.csv_reuse.csv_4.json,2958125,1330276.862537419,841063477361.6818,-0.19926590197894395,-1.7049820573474095,2124678,794401,0.3738924204044095,0.6047467962324629
src1_0.csv.gz_4096.csv_reuse.csv_5.json,3794528,2557782.304543294,758545784841.9111,-1.8579543915701662,2.2657141118281654,3002922,445139,0.14823528549859105,0.5021043608613255
src1_0.csv.gz_4096.csv_reuse.csv_6.json,4046809,2787151.7972401334,2382595854328.494,-1.127757683295017,-0.6898367379721271,3743329,956177,0.2554349350537984,0.259078103068995
src1_0.csv.gz_4096.csv_reuse.csv_7.json,4343949,2744150.4552768758,2335164848611.601,-0.8324273046438642,-1.071778043381713,3627371,883220,0.24348763884366942,0.29549817087166447
src1_0.csv.gz_4096.csv_reuse.csv_8.json,4344196,2662743.3574508685,1375878549209.3037,0.11111279254555358,-1.4922104806864023,3688124,1025380,0.27802210554742735,0.00043468457946298174
src1_0.csv.gz_4096.csv_reuse.csv_9.json,4352126,3021086.6066784044,895960387982.7222,-0.7262660819248122,1.0792516641148593,3855863,834776,0.21649524373661616,0.008410334118067644
src1_1.csv.gz_4096.csv_reuse.csv_0.json,801851,80897.69010970961,17464365215.969593,3.021589486417995,9.150314341431365,65963,-14935,-0.22641480830162364,0.8530765703621175
src1_1.csv.gz_4096.csv_reuse.csv_1.json,1652669,286881.8072805139,136438152604.02287,1.6176281836297972,1.062644228155916,201929,-84953,-0.4207072783007889,0.8445656239818841
src1_1.csv.gz_4096.csv_reuse.csv_10.json,5347416,3655417.328751181,3764721075120.6,-0.891204564934408,-1.145026307680716,4998706,1343288,0.2687271465855363,0.013285294972362523
src1_1.csv.gz_4096.csv_reuse.csv_11.json,5489138,3977475.1040406283,3489462846986.6543,-1.3687362468092434,-0.029129898209471428,5049598,1072122,0.21231828751516457,0.14484511047448775
src1_1.csv.gz_4096.csv_reuse.csv_12.json,5570950,3251598.441041454,5105059949155.119,-0.5435989876488779,-1.6486283447363692,5052939,1801340,0.3564935179308517,0.07715365672414712
src1_1.csv.gz_4096.csv_reuse.csv_13.json,5618282,3380340.158538287,5463178505693.635,-0.6767613025096805,-1.5075184968378352,5010419,1630078,0.32533766138121384,0.06315743959424143
src1_1.csv.gz_4096.csv_reuse.csv_14.json,5677273,3927704.2750046193,4228977274967.105,-1.2479744259915475,-0.3892971702869992,5048040,1120335,0.2219346518648822,0.05854901491528764
src1_1.csv.gz_4096.csv_reuse.csv_15.json,5723373,4311652.153063195,2726020361733.186,-2.0663783367660287,2.4743839804906225,5020217,708564,0.14114210600856497,0.04201680672268908
src1_1.csv.gz_4096.csv_reuse.csv_16.json,5733858,4159554.62020316,2412696911107.7188,-1.8894688789917395,1.7866385228056876,4984227,824672,0.165456348597285,0.007520490546344181
src1_1.csv.gz_4096.csv_reuse.csv_17.json,5749017,3371502.3488199357,4329812737881.609,-0.5496070021362119,-1.6131170511545072,5003203,1631700,0.3261310804298766,0.013083179903527763
src1_1.csv.gz_4096.csv_reuse.csv_18.json,5810733,3814535.835737,3975993909271.752,-1.1581340427575457,-0.5945220792046819,4995982,1181446,0.23647923471301538,0.06117751635774568
src1_1.csv.gz_4096.csv_reuse.csv_19.json,5828428,3070292.838933455,5415964928599.891,-0.47275167837567034,-1.7208758917166127,4951998,1881705,0.37998904684533397,0.016500030669201988
src1_1.csv.gz_4096.csv_reuse.csv_2.json,2535568,264250.86897087377,171516575074.92816,3.3334148453789334,10.83991793060983,210735,-53516,-0.2539492727833535,0.9223215255348503
src1_1.csv.gz_4096.csv_reuse.csv_20.json,5837503,4110317.291130159,3277814634725.3325,-1.7154098332324226,0.9947027148215648,4940776,830458,0.16808250363910446,0.014693061620962853
src1_1.csv.gz_4096.csv_reuse.csv_21.json,5851723,3969112.0460347254,3656482475896.715,-1.4768384907404315,0.24065496413671683,4928282,959169,0.19462542930781965,0.023912927621688857
src1_1.csv.gz_4096.csv_reuse.csv_22.json,5750595,4246492.770299101,2010266039425.0916,-2.26308531168213,3.601955683519251,4915587,669094,0.13611680558191727,0.016847950140927496
src1_1.csv.gz_4096.csv_reuse.csv_23.json,5842484,3800432.597497856,3279093954221.3384,-1.1483925681767368,-0.5907196291769532,4906458,1106025,0.22542229037729458,0.0023871700169836993
src1_1.csv.gz_4096.csv_reuse.csv_24.json,5892405,3905255.051875256,3461747943206.2163,-1.291624393567261,-0.19710875164988684,4940750,1035494,0.2095823508576633,0.022312095832709055
src1_1.csv.gz_4096.csv_reuse.csv_25.json,5921297,3311375.169963839,4755247996187.198,-0.6714871243977564,-1.4874453662163936,4930802,1619426,0.3284305474038503,0.01254923412466578
src1_1.csv.gz_4096.csv_reuse.csv_26.json,5931859,3367914.2473801016,4903089116550.299,-0.7476444482386144,-1.3606286105332572,4936385,1568470,0.31773656228191277,0.009094172549958118
src1_1.csv.gz_4096.csv_reuse.csv_27.json,5925876,3750020.417895977,4076845071681.0967,-1.188349291348857,-0.5413530943921971,4895693,1145672,0.23401630780361432,0.011611058208134278
src1_1.csv.gz_4096.csv_reuse.csv_28.json,5952854,4084221.4493877008,2708581561071.4946,-1.759813442538531,1.421981391082137,4891316,807094,0.16500549136469614,0.009806100255107428
src1_1.csv.gz_4096.csv_reuse.csv_29.json,5958047,3969036.3155637216,2464386114206.4453,-1.6887476395710388,1.083249282037717,4847821,878784,0.18127401981220015,0.0099921265622439
src1_1.csv.gz_4096.csv_reuse.csv_3.json,3352666,555865.4830848192,137000734204.77141,3.781545576070121,21.486328373389036,619601,63735,0.10286458543482015,0.8264163389419427
src1_1.csv.gz_4096.csv_reuse.csv_30.json,5963548,3431103.124320867,3917014624426.3867,-0.6911605637895876,-1.4319541013288002,4883748,1452644,0.2974445036885605,0.004828639604699125
src1_1.csv.gz_4096.csv_reuse.csv_31.json,5964164,3753135.8554534167,3820826515535.548,-1.1651469389093558,-0.5848312900744865,4895059,1141923,0.2332807428878794,0.01758702763144267
src1_1.csv.gz_4096.csv_reuse.csv_32.json,5996061,2808841.3177110185,5413512111982.715,-0.2717192113987077,-1.8669087722780413,4891042,2082200,0.42571705579301916,0.011207833618070897
src1_1.csv.gz_4096.csv_reuse.csv_33.json,5996096,4080887.630335451,3218421699173.777,-1.731145771415755,1.0454959835768651,4893380,812492,0.16603901597668688,0.003748681475701445
src1_1.csv.gz_4096.csv_reuse.csv_34.json,5998409,3921433.119594338,3727048347352.308,-1.4094550259132081,0.055203360596999484,4907503,986069,0.20093090111203193,0.0098754830399313
src1_1.csv.gz_4096.csv_reuse.csv_35.json,5900276,4202471.245515296,1955921090811.5232,-2.254570343803981,3.602935732368259,4895438,692966,0.14155342177758148,0.0044756923949429
src1_1.csv.gz_4096.csv_reuse.csv_36.json,5899297,3794692.8774571195,3042414624481.643,-1.258979967258278,-0.3330616097355059,4829289,1034596,0.21423360664478766,0.0003841191855466609
src1_1.csv.gz_4096.csv_reuse.csv_37.json,5902596,3775570.021492359,3476116229134.7637,-1.1462803791950769,-0.547617516467596,4894807,1119236,0.2286578408505177,0.021511679938219154
src1_1.csv.gz_4096.csv_reuse.csv_38.json,6042693,3420771.0355111496,4628487991444.434,-0.7882176783200294,-1.3298452066724615,4903797,1483025,0.30242381566773663,0.0055566560715467235
src1_1.csv.gz_4096.csv_reuse.csv_39.json,6080111,2645280.52043797,5648139417239.34,-0.09909301219349552,-1.9514539055904785,4936841,2291560,0.4641753704443793,0.04094489297454054
src1_1.csv.gz_4096.csv_reuse.csv_4.json,4020568,813514.7481005166,472918194605.18146,2.527389724630753,8.491018266269501,1010518,197003,0.1949524897131966,0.6856809015337617
src1_1.csv.gz_4096.csv_reuse.csv_40.json,6078811,3811068.355650081,4024227120332.0674,-1.2363324464269092,-0.42246030474636775,4935874,1124805,0.22788365343199604,0.0033474679808503513
src1_1.csv.gz_4096.csv_reuse.csv_41.json,6068813,4083684.6947233942,3284193582512.067,-1.700342279280021,0.9649202465719013,4923642,839957,0.1705966843243274,0.007488313022947602
src1_1.csv.gz_4096.csv_reuse.csv_42.json,5985458,4101497.907756062,2224868790287.6343,-1.956279958280239,2.1695735273875076,4899638,798140,0.16289774877246033,0.003924652306776486
src1_1.csv.gz_4096.csv_reuse.csv_43.json,5985618,3429391.120235775,3878000091438.1514,-0.697139547269342,-1.445141380236069,4886200,1456808,0.2981474356350538,0.0004886961365855424
src1_1.csv.gz_4096.csv_reuse.csv_44.json,5979115,4072772.1120396494,3098656088918.66,-1.6191572272290344,0.7803452992166626,4919119,846346,0.1720523532770807,0.021266326322320242
src1_1.csv.gz_4096.csv_reuse.csv_45.json,5947605,2809417.49107316,5354805676666.038,-0.23360226471809284,-1.8842861390438013,4934762,2125344,0.43068824798440125,0.05103757429739875
src1_1.csv.gz_4096.csv_reuse.csv_5.json,4799290,472842.97137146525,439915294412.4765,5.6407177302462985,31.64545626877642,452679,-20164,-0.04454370536296139,0.7791405182391252
src1_1.csv.gz_4096.csv_reuse.csv_6.json,5169275,2772752.3799867528,5882816602615.079,-0.151376465765049,-1.9132429291676516,5139745,2366992,0.4605271273185732,0.2910456991220564
src1_1.csv.gz_4096.csv_reuse.csv_7.json,5228071,4093559.2880298076,3977123555007.741,-1.4518306604547553,0.1347867593808938,5142321,1048761,0.20394701147594638,0.0597566775902655
src1_1.csv.gz_4096.csv_reuse.csv_8.json,5324264,4274006.575669616,3312594739599.3857,-1.8066941531661629,1.3227908082018658,5119608,845601,0.1651690910710351,0.09445108664502058
src1_1.csv.gz_4096.csv_reuse.csv_9.json,5335025,4320265.318996205,2065245146421.1545,-2.264541649355143,3.5184839947261777,5042181,721915,0.14317514583470922,0.010195247178684804
src1_2.csv.gz_4096.csv_reuse.csv_0.json,115482,10396.650662082848,481705501.90234685,2.8269589644314843,7.102745705496602,4031,-6366,-1.5792607293475565,0.12604126698578236
src1_2.csv.gz_4096.csv_reuse.csv_1.json,152759,17667.418164782404,893405397.5059044,1.671265214857581,1.6733493222694724,9665,-8003,-0.828039317123642,0.0355356929444399
src2_0.csv.gz_4096.csv_reuse.csv_0.json,45146,1722.9899332609964,27971330.53178989,3.956163897761255,16.62929904998311,72,-1651,-22.930555555555557,0.05816227097715131
src2_0.csv.gz_4096.csv_reuse.csv_1.json,78012,3866.337261708669,130058731.77836388,3.8176349949397785,15.073421554491684,108,-3759,-34.80555555555556,0.04286781716920912
src2_1.csv.gz_4096.csv_reuse.csv_0.json,330003,262726.34902097285,4998122648.097912,-3.1377364302269224,8.46601248950749,278432,15705,0.05640515457993334,0.5020789846953281
src2_2.csv.gz_4096.csv_reuse.csv_0.json,344415,40344.006659564504,2534223231.6357775,1.3804869972969698,1.683772366421885,56576,16231,0.2868884332579186,0.6640855954443142
src2_2.csv.gz_4096.csv_reuse.csv_1.json,832766,304002.64604932594,45324432539.49452,0.1378859995424616,-0.9712802518995263,329112,25109,0.0762931767908797,0.8045715905829798
stg_0.csv.gz_4096.csv_reuse.csv_0.json,42179,1872.634524261625,29282876.13723953,3.9179291245417645,16.522284829313246,151,-1722,-11.403973509933774,0.06258604491766277
stg_0.csv.gz_4096.csv_reuse.csv_1.json,220073,12968.053849297286,1968519802.457807,3.7936274233049434,12.984089796356436,235,-12734,-54.18723404255319,0.2625858419341449
stg_0.csv.gz_4096.csv_reuse.csv_2.json,229905,7289.257666412306,891214351.3872479,6.175789865473188,39.10272044271966,333,-6957,-20.89189189189189,0.01468009707949085
stg_1.csv.gz_4096.csv_reuse.csv_0.json,540128,8758.065584432752,2372076372.0221114,7.7332914510306,61.82209237094777,1931,-6828,-3.5359917141377526,0.741747429628001
stg_1.csv.gz_4096.csv_reuse.csv_1.json,1264887,457669.20243531204,149733488651.09708,0.3964786809965375,-1.0358726454590226,667125,209455,0.3139666479295484,0.9883365401816501
stg_1.csv.gz_4096.csv_reuse.csv_2.json,1431983,36983.893227591776,40859582282.06871,6.179594888098145,37.42455920280868,2315,-34669,-14.975809935205184,0.2254815741390659
ts_0.csv.gz_4096.csv_reuse.csv_0.json,50191,2399.832873400769,40162003.91684965,3.5283472760539474,13.339612231199293,216,-2184,-10.11111111111111,0.055923904416523194
ts_0.csv.gz_4096.csv_reuse.csv_1.json,90679,5274.560471955786,171475525.390402,3.2449499806695976,11.086894055706152,1018,-4257,-4.181728880157171,0.04696702950272293
usr_0.csv.gz_4096.csv_reuse.csv_0.json,103453,7293.108556520004,395188940.9822987,3.2608944130720534,9.919427359014367,938,-6356,-6.776119402985074,0.14038363833058745
usr_0.csv.gz_4096.csv_reuse.csv_1.json,127788,10021.60542499192,484774733.53161365,2.4947281939254693,5.666532860134497,1011,-9011,-8.91295746785361,0.03366654914519889
usr_0.csv.gz_4096.csv_reuse.csv_2.json,153563,10917.995183936473,472037863.17297417,2.190858932042432,4.392789609219912,1937,-8981,-4.636551368094993,0.033012405457650655
usr_1.csv.gz_4096.csv_reuse.csv_0.json,816729,84201.96145795479,33613791712.015686,2.1350571938734535,2.92389506963898,12328,-71874,-5.830142764438676,0.8602345507829364
usr_1.csv.gz_4096.csv_reuse.csv_1.json,1745291,556307.1966716076,386365192094.3679,0.45469728665685066,-1.5482188251876172,1053105,496797,0.47174498269403337,0.984923331657245
usr_1.csv.gz_4096.csv_reuse.csv_10.json,6528215,1538769.2245636487,4965498446376.084,1.1291987786807653,-0.45845314844383234,1579047,40277,0.025507157165049553,0.27606088771732007
usr_1.csv.gz_4096.csv_reuse.csv_11.json,6616844,3306272.3158039083,7974348962454.267,0.14422933033401553,-1.8115106789313913,6526111,3219838,0.4933777559100665,0.11108300700401753
usr_1.csv.gz_4096.csv_reuse.csv_12.json,6776102,187938.41360227444,252509937580.47687,4.537699117517058,30.78110068435207,37701,-150238,-3.984987135619745,0.15141680253140127
usr_1.csv.gz_4096.csv_reuse.csv_13.json,6765108,32644.071875187423,4766108937.527568,38.04436504263485,2889.011059906004,37486,4841,0.1291415461772395,0.0006988780366403063
usr_1.csv.gz_4096.csv_reuse.csv_14.json,6789241,28639.34192781733,4077355579.189752,48.32934381006927,4076.579453240061,37555,8915,0.23738516841965118,0.0024084881175496604
usr_1.csv.gz_4096.csv_reuse.csv_15.json,6799633,280048.3373862367,1363943018966.7957,4.696892770464593,20.454339669173326,37897,-242152,-6.389740612713408,0.01064774276386228
usr_1.csv.gz_4096.csv_reuse.csv_16.json,6778875,27173.855556729606,1486983435.208841,98.66434767119904,14874.595988584531,37470,10296,0.2747798238590873,0.0001889410564852494
usr_1.csv.gz_4096.csv_reuse.csv_17.json,6777240,26291.022082124695,1270559699.4121237,119.6633866960978,20249.881800369883,37432,11140,0.2976063261380637,0.00020214661419658403
usr_1.csv.gz_4096.csv_reuse.csv_18.json,6802449,165781.18004684013,177872813825.56396,4.443002113090898,38.0343381111469,37487,-128295,-3.4223864272947955,0.014986276378101529
usr_1.csv.gz_4096.csv_reuse.csv_19.json,6815727,1423474.7510491048,2044150981790.7312,3.056506087540045,8.974684454653303,1255774,-167701,-0.13354393386071062,0.0029285863755213657
usr_1.csv.gz_4096.csv_reuse.csv_2.json,2743088,934279.8671828469,954316780012.5825,0.2524451162562322,-1.7853511886074716,1806765,872485,0.48289899350496607,0.9863556253079178
usr_1.csv.gz_4096.csv_reuse.csv_20.json,6837779,122838.44617995092,79878371231.6811,4.0227204467468125,38.832407901871264,39116,-83723,-2.140377339196237,0.019993214374960638
usr_1.csv.gz_4096.csv_reuse.csv_21.json,6838298,38499.84238883018,8385669677.184975,17.403320633925976,809.6792234908498,38760,260,0.006707946336429308,0.0003595974946009585
usr_1.csv.gz_4096.csv_reuse.csv_22.json,6819344,29873.813192231755,3985748304.7016478,31.56940909710338,2070.9212504458496,38099,8225,0.2158849313630279,0.0008532821905785457
usr_1.csv.gz_4096.csv_reuse.csv_23.json,6919168,325206.97998714313,623440767097.3446,4.971741613503918,28.835156132757323,200594,-124613,-0.6212199766692922,0.08823445756647982
usr_1.csv.gz_4096.csv_reuse.csv_24.json,7055595,881162.4375211429,469133438024.8704,1.5818534897907026,10.132605594799172,1365737,484574,0.35480769723599787,0.1411938230495899
usr_1.csv.gz_4096.csv_reuse.csv_25.json,7120627,796646.1562903433,373309108424.5004,1.0994107105124271,10.550693600110597,1332688,536041,0.40222542710671966,0.08803942163720473
usr_1.csv.gz_4096.csv_reuse.csv_26.json,7200470,35757.359329764644,5210465315.960715,25.882882998998276,1619.1774074020366,25433,-10325,-0.4059686234419848,0.04947309824731775
usr_1.csv.gz_4096.csv_reuse.csv_27.json,7177640,26976.540772061067,4972908188.11843,25.760402472882102,1367.410189014764,25268,-1709,-0.06763495330061738,0.0005830761635620061
usr_1.csv.gz_4096.csv_reuse.csv_28.json,7335054,317479.0098724674,809673788416.4673,4.936532347434119,28.436160758224,26429,-291051,-11.012561958454727,0.13785586438501718
usr_1.csv.gz_4096.csv_reuse.csv_29.json,7355501,1362699.342269222,1274365017394.0266,3.051514829291975,12.530391984447581,1524841,162141,0.1063330537413409,0.019150090305698503
usr_1.csv.gz_4096.csv_reuse.csv_3.json,3747229,1395707.757056027,1967626330833.379,0.12868351389408797,-1.8726766925879963,2723821,1328113,0.48759187920204744,0.983120266955157
usr_1.csv.gz_4096.csv_reuse.csv_30.json,7411342,585538.5379999428,590611284193.1674,1.9862567402472318,8.828795455618977,1244694,659155,0.5295719269153704,0.07758773061474919
usr_1.csv.gz_4096.csv_reuse.csv_31.json,7409198,31729.572265992087,5566264978.493587,25.698379855170472,1426.2654644162503,33328,1598,0.04794767162746039,0.00012088164366529397
usr_1.csv.gz_4096.csv_reuse.csv_32.json,7406952,27075.1758948023,4108597661.264418,36.32275055988356,2274.0430303847124,33327,6251,0.1875656374711195,0.00031083851228218447
usr_1.csv.gz_4096.csv_reuse.csv_33.json,7525101,1350756.4220287844,3445103380163.0425,0.9716093077584375,-0.7070977651958805,1664027,313270,0.18826016645162608,0.12395549117564002
usr_1.csv.gz_4096.csv_reuse.csv_34.json,8211659,829226.3126539789,2797470180318.352,3.455494765887626,11.736202748553401,609976,-219251,-0.3594420108332131,0.6792166869490489
usr_1.csv.gz_4096.csv_reuse.csv_35.json,8984996,2435940.6544235605,2062791761628.6453,1.2974415144234341,4.901289567179587,3096358,660417,0.21328832131168296,0.7948425186452317
usr_1.csv.gz_4096.csv_reuse.csv_36.json,9460422,2898733.656249805,917614397935.7534,-1.938623501251747,3.8724887399942425,3348231,449497,0.13424910049515698,0.5119317292982567
usr_1.csv.gz_4096.csv_reuse.csv_37.json,10162083,2216095.9568130905,3062357962130.7915,0.13404277661787847,-0.9794617206064502,3784540,1568444,0.4144345151590418,0.8970708041371996
usr_1.csv.gz_4096.csv_reuse.csv_38.json,10938727,3739253.534614727,3614394701071.349,-0.6981430431575433,-0.2185520099152094,4932730,1193476,0.2419504006908953,0.8574653049366437
usr_1.csv.gz_4096.csv_reuse.csv_39.json,12012411,4841150.950679102,4764900419863.037,-1.3776157881062863,0.7084275086812992,6138229,1297078,0.2113114385273016,0.9040433386087844
usr_1.csv.gz_4096.csv_reuse.csv_4.json,4661867,2692758.915356025,3617744617571.004,-0.41079170904236934,-1.5587537987534104,4487632,1794873,0.3999599343261658,0.9480717365798657
usr_1.csv.gz_4096.csv_reuse.csv_40.json,12891885,5375805.835094119,5489548602343.057,-1.311955807177918,0.961319032634643,6758007,1382201,0.20452790297494514,0.8607727892372673
usr_1.csv.gz_4096.csv_reuse.csv_41.json,13582730,6687204.036927264,5020731048389.384,-2.2284232965424082,3.598214376181857,7677327,990122,0.12896702198564683,0.7648852030710033
usr_1.csv.gz_4096.csv_reuse.csv_42.json,13825779,954685.8671220869,5126085172757.558,2.2136900473963506,3.193057194146296,34886,-919800,-26.365877429341282,0.10646422208091147
usr_1.csv.gz_4096.csv_reuse.csv_43.json,13831851,153676.71376394536,745402608186.2864,6.964986918762816,48.0366914936098,34745,-118932,-3.422996114548856,0.00014729275908796323
usr_1.csv.gz_4096.csv_reuse.csv_44.json,13831952,49634.28042242542,137399367720.96031,19.47040118963613,420.9567058916303,34248,-15387,-0.44928170988086896,0.0005048586294256395
usr_1.csv.gz_4096.csv_reuse.csv_45.json,13964113,2737952.912002905,12222964221831.28,0.8374499057238649,-0.9197736489698931,4817297,2079344,0.4316412295110723,0.13554997084619183
usr_1.csv.gz_4096.csv_reuse.csv_5.json,5610684,1632206.615939448,4700747370644.647,0.7945409988736493,-1.2470795354764574,2451332,819125,0.33415506345121754,0.9771848826992132
usr_1.csv.gz_4096.csv_reuse.csv_6.json,6237206,1221960.2587311442,5172080007717.04,1.515503288329137,0.4368121464429362,93971,-1127990,-12.003596854348682,0.5975681482271556
usr_1.csv.gz_4096.csv_reuse.csv_7.json,6238990,131368.788476402,613194102160.4554,7.488212316325058,54.39271475057737,39131,-92238,-2.3571592854769876,0.0011488823538374803
usr_1.csv.gz_4096.csv_reuse.csv_8.json,6241698,144286.46042115442,638444593162.8314,6.950223001833299,46.86529088724098,39767,-104520,-2.628309905197777,0.004050038854774566
usr_1.csv.gz_4096.csv_reuse.csv_9.json,6256272,259626.17192238936,1314137367178.2947,4.832135036398402,21.561446244069803,38336,-221291,-5.772407136894825,0.012965812877437312
usr_2.csv.gz_4096.csv_reuse.csv_0.json,411615,79332.250145713,13656290153.674353,1.1872891968370352,-0.2540952491505082,93904,14571,0.15516910887715113,0.5214889157614521
usr_2.csv.gz_4096.csv_reuse.csv_1.json,1356806,705185.8774934452,63541531616.13361,-0.16715104447549062,2.825624044510648,729409,24223,0.033209077486019506,0.9007715570800301
usr_2.csv.gz_4096.csv_reuse.csv_10.json,7373091,494125.08173394296,1167419492753.366,3.521091666306437,13.904088637233297,335702,-158424,-0.4719185468063938,0.27325470672162827
usr_2.csv.gz_4096.csv_reuse.csv_2.json,2287572,1431330.8447170798,740664912781.2158,-0.9148308630116162,-0.9599592147394973,1965688,534357,0.2718422252158023,0.9621682712170613
usr_2.csv.gz_4096.csv_reuse.csv_3.json,3179259,2072132.808472143,800452535294.4133,-1.6255913572401064,1.0416567171588378,2539725,467592,0.1841112718896731,0.9470826183015528
usr_2.csv.gz_4096.csv_reuse.csv_4.json,4124348,651786.3002074857,1608700369302.9773,1.7229457946779947,1.393603312770371,7574,-644213,-85.05584895695802,0.9613794380968933
usr_2.csv.gz_4096.csv_reuse.csv_5.json,4202368,814616.7903824763,2232985776449.4165,1.5209454470351973,0.4955733598676648,207064,-607553,-2.934131476258548,0.08221555957719377
usr_2.csv.gz_4096.csv_reuse.csv_6.json,5019363,643718.4577920769,192645979606.56555,4.095509094778666,37.36624001591493,853469,209750,0.24576170897829916,0.8709383679896099
usr_2.csv.gz_4096.csv_reuse.csv_7.json,5986397,488799.90813648293,492575591587.1096,2.8126246873330474,15.213238979591061,445573,-43227,-0.09701440616913502,0.9900875521509231
usr_2.csv.gz_4096.csv_reuse.csv_8.json,6926184,1715490.0000388245,1742922931334.1765,-0.11852813492277225,-0.7881297024412857,2865010,1149519,0.4012268718084754,0.9731952840683809
usr_2.csv.gz_4096.csv_reuse.csv_9.json,7090348,637562.2678578099,1893372016897.7588,2.386950874726924,5.725137641772287,67060,-570503,-8.507351625410081,0.19213810199258413
wdev_0.csv.gz_4096.csv_reuse.csv_0.json,33385,2097.006317421139,24239669.321530253,3.1547627587311027,10.7232899110543,413,-1685,-4.079903147699758,0.05876878400363872
wdev_0.csv.gz_4096.csv_reuse.csv_1.json,46538,3246.1627377542777,52955496.27925742,2.8000890537938647,7.694536459025452,692,-2555,-3.6921965317919074,0.023324528103843396
wdev_1.csv.gz_4096.csv_reuse.csv_0.json,64,8.587830080367393,15.22647241247344,5.085354067781931,56.00353722822965,9,0,0.0,0.17362428842504743
wdev_2.csv.gz_4096.csv_reuse.csv_0.json,12276,2508.6842155318454,2465446.849516949,0.2707622652559926,3.250008509394048,3244,735,0.22657213316892724,0.0718837061760406
wdev_3.csv.gz_4096.csv_reuse.csv_0.json,39,6.245551601423488,4.898598714801354,6.823724623894769,87.59745159460267,7,0,0.0,0.17474302496328928
web_0.csv.gz_4096.csv_reuse.csv_0.json,224456,29480.54638582334,4138988676.751475,2.115079377872183,2.90559618664743,2353,-27128,-11.529111772205695,0.33190225937267237
web_0.csv.gz_4096.csv_reuse.csv_1.json,248914,19797.588727986746,2011960972.6006355,3.118921824347382,10.314603530671958,3065,-16733,-5.459380097879282,0.03660396542958821
web_0.csv.gz_4096.csv_reuse.csv_2.json,259567,13955.549234336237,818352623.469608,3.0990190810509124,16.057048775107845,1888,-12068,-6.391949152542373,0.01647385346590842
web_1.csv.gz_4096.csv_reuse.csv_0.json,77392,2394.140199495253,81834612.91216616,6.520791042584368,43.77468991391184,428,-1967,-4.595794392523365,0.4828143452047983
web_2.csv.gz_4096.csv_reuse.csv_0.json,321300,4281.458860192714,832811064.502006,7.240416534046422,53.41541350412167,4,-4278,-1069.5,0.9676347903107255
web_2.csv.gz_4096.csv_reuse.csv_1.json,1209598,1007008.7807563309,171681724131.03458,-1.8750195656434896,1.78741569819642,1209419,202410,0.16736135284793774,0.4348399707383014
web_2.csv.gz_4096.csv_reuse.csv_2.json,1250330,825954.4450895253,210782211343.40964,-0.3883093654078095,-1.6960751887371759,1212345,386390,0.31871290762942894,0.04948171781474006
web_2.csv.gz_4096.csv_reuse.csv_3.json,1249822,791114.1989973283,81703660848.18985,-1.3040239764138322,1.4940231060475035,934196,143081,0.15315950828305838,0.005856977071766518
web_2.csv.gz_4096.csv_reuse.csv_4.json,931149,540367.6303936928,26817334884.729614,-2.9826461876429287,6.91816837546272,590943,50575,0.08558355035934091,0.003898854689697308
web_2.csv.gz_4096.csv_reuse.csv_5.json,640495,548801.7231889659,23531595629.119587,-3.277396318330558,8.781601399543305,592931,44129,0.07442518606718151,0.004114491612767097
web_3.csv.gz_4096.csv_reuse.csv_0.json,23111,2764.5408378188627,4196698.979195647,1.9628187189078807,12.519239774536963,3817,1052,0.27560911710767616,0.8638261257528921
